gameId,game,boxart,naRelDate2,euRelDate2,loosePrice,licensed,wikipediaUrl
1,10-Yard Fight,,1985-10-01,1985-12-01,325,1,/wiki/10-Yard_Fight
2,1942,,1986-11-01,,712,1,/wiki/1942_(video_game)
3,1943: The Battle of Midway,1943,1988-10-01,,900,1,/wiki/1943:_The_Battle_of_Midway
4,3-D WorldRunner,3-D World Runner,1987-09-01,,300,1,/wiki/3-D_WorldRunner
5,6 in 1,,,,0,0,/wiki/Caltron_6_in_1
6,720°,,1989-11-01,,0,1,/wiki/720%C2%B0
7,8 Eye's,8 Eyes,1990-01-01,,478,1,/wiki/8_Eye%27s
8,A Boy and His Blob: Trouble on Blobolonia,,1990-01-01,,585,1,/wiki/A_Boy_and_His_Blob:_Trouble_on_Blobolonia
9,A Nightmare on Elm Street,,1990-10-01,,1898,1,/wiki/A_Nightmare_on_Elm_Street_(franchise)#Merchandise
10,Abadox,,1990-03-01,1988-04-01,401,1,/wiki/Abadox
11,Action 52,,,,18500,0,/wiki/Action_52
12,Advanced Dungeons &amp; Dragons: DragonStrike,AD&D Dragon Strike,1992-07-01,,0,1,/wiki/DragonStrike_(video_game)
13,Advanced Dungeons &amp; Dragons: Heroes of the Lance,AD&D Heroes of the Lance,1991-01-01,,749,1,/wiki/Advanced_Dungeons_%26_Dragons:_Heroes_of_the_Lance
14,Advanced Dungeons &amp; Dragons: Hillsfar,AD&D Hillsfar,1993-02-01,,4500,1,/wiki/Hillsfar
15,Advanced Dungeons &amp; Dragons: Pool of Radiance,AD&D Pool of Radiance,1992-04-01,,1550,1,/wiki/Pool_of_Radiance
16,Adventure Island,,1988-09-01,,699,1,/wiki/Adventure_Island_(video_game)
17,Adventure Island 3,,1992-09-01,,2639,1,/wiki/Adventure_Island_3
18,Adventure Island II,,1991-02-01,1992-07-22,1170,1,/wiki/Adventure_Island_II
19,Adventures in the Magic Kingdom,,1990-06-01,1992-12-10,399,1,/wiki/Adventures_in_the_Magic_Kingdom
20,Adventures of Dino Riki,,1989-09-01,,400,1,/wiki/Adventures_of_Dino_Riki
21,Adventures of Lolo,,1989-04-01,,496,1,/wiki/Adventures_of_Lolo
22,Adventures of Lolo 2,,1990-03-01,1991-02-21,1920,1,/wiki/Adventures_of_Lolo_2
23,Adventures of Lolo 3,,1991-09-01,1992-05-27,2729,1,/wiki/Adventures_of_Lolo_3
24,After Burner,,,,549,0,/wiki/After_Burner
25,Air Fortress,,1989-09-01,,305,1,/wiki/Air_Fortress
26,Airwolf,,1989-06-01,,225,1,/wiki/Airwolf_(NES_video_game)
27,Al Unser Jr.'s Turbo Racing,,1990-03-01,,277,1,/wiki/Al_Unser_Jr.%27s_Turbo_Racing
28,Aladdin,,,1995-02-23,3500,1,/wiki/Disney%27s_Aladdin_(video_game)
29,Alfred Chicken,,1994-02-01,,2999,1,/wiki/Alfred_Chicken
30,Alien Syndrome,,,,477,0,/wiki/Alien_Syndrome
31,Alien3,,1993-03-01,,1000,1,/wiki/Alien3_(video_game)
32,All-Pro Basketball,,1989-12-01,,231,1,/wiki/All-Pro_Basketball
33,Alpha Mission,,1987-10-01,,287,1,/wiki/Alpha_Mission
34,Amagon,,1989-04-01,,375,1,/wiki/Amagon
35,American Gladiators,,1991-10-01,,425,1,/wiki/American_Gladiators_(video_game)
36,Anticipation,,1988-11-01,1989-10-25,206,1,/wiki/Anticipation_(video_game)
37,Arch Rivals,,1990-11-01,,300,1,/wiki/Arch_Rivals
38,Archon,,1989-12-01,,578,1,/wiki/Archon:_The_Light_and_the_Dark
39,Arkanoid,,1987-08-01,,876,1,/wiki/Arkanoid
40,Arkista's Ring,,1990-06-01,,1325,1,/wiki/Arkista%27s_Ring
41,Asterix,,,1993-01-01,5859,1,/wiki/Asterix_(1993_video_game)
42,Astyanax,,1990-03-01,,444,1,/wiki/The_Astyanax
43,Athena,,1987-08-01,,553,1,/wiki/Athena_(video_game)
44,Athletic World,,1987-07-01,1988-06-15,480,1,/wiki/Power_Pad
45,Attack of the Killer Tomatoes,,1992-01-01,,995,1,/wiki/Attack_of_the_Killer_Tomatoes_(1991_video_game)
46,Aussie Rules Footy,,,1991-01-01,2320,1,/wiki/Aussie_Rules_Footy
47,Baby Boomer,,,,3600,0,/wiki/Baby_Boomer_(video_game)
48,Back to the Future,,1989-09-01,,498,1,/wiki/Back_to_the_Future_(1989_video_game)
49,Back to the Future Part II &amp; III,,1990-09-01,,0,1,/wiki/Back_to_the_Future_Part_II_%26_III
50,Bad Dudes Vs. DragonNinja,,1990-07-01,,208,1,/wiki/Bad_Dudes_Vs._DragonNinja
51,Bad News Baseball,,1990-06-01,,625,1,/wiki/Bad_News_Baseball
52,Bad Street Brawler,,1989-09-01,,494,1,/wiki/Bad_Street_Brawler
53,Balloon Fight,,1986-06-01,1986-12-15,1299,1,/wiki/Balloon_Fight
54,Banana Prince,,,1992-02-01,14750,1,/wiki/Banana_Prince
55,Bandai Golf: Challenge Pebble Beach,,1989-02-01,,146,1,/wiki/Bandai_Golf:_Challenge_Pebble_Beach
56,Bandit Kings of Ancient China,,1990-12-01,,4651,1,/wiki/Bandit_Kings_of_Ancient_China
57,Barbie,,1991-11-01,,622,1,/wiki/Barbie_(1991_video_game)
58,Barker Bill's Trick Shooting,,1990-08-01,1991-06-27,485,1,/wiki/Barker_Bill%27s_Trick_Shooting
59,Base Wars,,1991-06-01,,757,1,/wiki/Base_Wars
60,Baseball,,1985-10-01,,350,1,/wiki/Baseball_(1983_video_game)
61,Baseball Simulator 1.000,,1990-03-01,,373,1,/wiki/Baseball_Simulator_1.000
62,Baseball Stars,,1989-07-01,,712,1,/wiki/Baseball_Stars
63,Baseball Stars 2,,1992-07-01,,1050,1,/wiki/Baseball_Stars_2
64,Bases Loaded,,1988-07-01,,149,1,/wiki/Bases_Loaded_(video_game)
65,Bases Loaded 3,,1991-09-01,,325,1,/wiki/Bases_Loaded_3
66,Bases Loaded 4,,1993-04-01,,1445,1,/wiki/Bases_Loaded_4
67,Bases Loaded II: Second Season,,1990-01-01,,0,1,/wiki/Bases_Loaded_II:_Second_Season
68,Batman,,1990-02-01,1990-09-14,561,1,/wiki/Batman_(Nintendo_Entertainment_System)
69,Batman Returns,,1993-01-01,,1333,1,/wiki/Batman_Returns_(video_game)
70,Batman: Return of the Joker,,1991-12-01,1992-11-19,2700,1,/wiki/Batman:_Return_of_the_Joker
71,Battle Chess,,1990-07-01,,356,1,/wiki/Battle_Chess
72,Battle Kid 2: Mountain of Torment,,,,0,0,/w/index.php?title=Battle_Kid_2:_Mountain_of_Torment&amp;action=edit&amp;redlink=1
73,Battle Kid: Fortress of Peril,,,,0,0,/wiki/Battle_Kid:_Fortress_of_Peril
74,Battle Tank,,1990-09-01,,400,1,/wiki/Battle_Tank_(video_game)
75,Battleship,,1993-09-01,,600,1,/wiki/Battleship_(1993_video_game)
76,Battletoads,,1991-06-01,1993-02-18,1135,1,/wiki/Battletoads
77,Battletoads &amp; Double Dragon,,1993-06-01,,4698,1,/wiki/Battletoads_%26_Double_Dragon
78,Beauty and the Beast,,,1994-01-01,6000,1,/wiki/Beauty_and_the_Beast_video_games
79,Bee 52,,,,1001,0,/wiki/Bee_52
80,Beetlejuice,,1991-05-01,,900,1,/wiki/Beetlejuice_(video_game)
81,Best of the Best: Championship Karate,,1992-12-01,,1375,1,/wiki/Best_of_the_Best:_Championship_Karate
82,Bible Adventures,,,,795,0,/wiki/Bible_Adventures
83,Bible Buffet,,,,4200,0,/wiki/Bible_Buffet
84,Big Nose Freaks Out,,,,3499,0,/wiki/Big_Nose_Freaks_Out
85,Big Nose the Caveman,,,,997,0,/wiki/Big_Nose_the_Caveman
86,Bigfoot,,1990-08-01,1991-01-24,324,1,/wiki/BigFoot_(video_game)
87,Bill &amp; Ted's Excellent Video Game Adventure,,1991-04-01,,0,1,/wiki/Bill_%26_Ted%27s_Excellent_Video_Game_Adventure
88,Bill Elliott's NASCAR Challenge,,1991-12-01,,461,1,/wiki/Bill_Elliott%27s_NASCAR_Challenge
89,Bionic Commando,,1988-12-01,1990-10-26,650,1,/wiki/Bionic_Commando_(Nintendo_Entertainment_System)
90,Blackjack,,,,1999,0,/wiki/Blackjack_(video_game)
91,Blades of Steel,,1988-12-01,1990-11-23,498,1,/wiki/Blades_of_Steel
92,Blaster Master,,1988-11-01,1991-04-25,550,1,/wiki/Blaster_Master
93,Bo Jackson Baseball,,1991-10-01,,494,1,/wiki/Bo_Jackson_Baseball
94,Bomberman,,1987-01-01,,1460,1,/wiki/Bomberman_(video_game)
95,Bomberman II,,1992-03-01,,6400,1,/wiki/Bomberman_II
96,Bonk's Adventure,,1994-01-01,,29950,1,/wiki/Bonk%27s_Adventure
97,Boulder Dash,,1990-06-01,,795,1,/wiki/Boulder_Dash
98,Bram Stoker's Dracula,,1993-09-01,,1588,1,/wiki/Bram_Stoker%27s_Dracula_(video_game)
99,Break Time: The National Pool Tour,,1993-01-01,,400,1,/wiki/Break_Time:_The_National_Pool_Tour
100,BreakThru,,1987-11-01,,233,1,/wiki/BreakThru_(video_game)
101,Bubble Bath Babes,,,,64000,0,/wiki/Bubble_Bath_Babes
102,Bubble Bobble,,1988-11-01,1990-10-26,1227,1,/wiki/Bubble_Bobble
103,Bubble Bobble Part 2,,1993-08-01,,22500,1,/wiki/Bubble_Bobble_Part_2
104,Bucky O'Hare,,1992-01-01,1993-02-18,3241,1,/wiki/Bucky_O%27Hare_(Nintendo_Entertainment_System)
105,Bump 'n' Jump,Bump 'n  Jump,1988-12-01,,375,1,/wiki/Bump_%27n%27_Jump
106,Burai Fighter,,1990-03-01,,423,1,/wiki/Burai_Fighter
107,BurgerTime,,1987-05-01,,442,1,/wiki/BurgerTime
108,Cabal,,1990-06-01,,550,1,/wiki/Cabal_(video_game)
109,Caesars Palace,,1992-12-01,,299,1,/wiki/Caesars_Palace_(video_game)
110,California Games,,1989-06-01,,473,1,/wiki/California_Games
111,Capcom's Gold Medal Challenge '92,,1992-08-01,1993-06-17,0,1,/wiki/Capcom%27s_Gold_Medal_Challenge_%2792
112,Captain America and The Avengers,,1991-12-01,,1195,1,/wiki/Captain_America_and_The_Avengers
113,Captain Comic - The Adventure,,,,0,0,/wiki/Captain_Comic
114,Captain Planet,,1991-09-01,1992-08-20,0,1,/wiki/Captain_Planet_(video_game)
115,Captain Skyhawk,,1990-06-01,1994-05-26,246,1,/wiki/Captain_Skyhawk
116,Casino Kid,,1989-10-01,,314,1,/wiki/Casino_Kid
117,Casino Kid 2,,1993-04-01,,2362,1,/wiki/Casino_Kid_2
118,Castelian,,1991-06-01,,817,1,/wiki/Nebulus_(video_game)
119,Castle of Deceit,,,,6544,0,/wiki/Castle_of_Deceit
120,Castle of Dragon,,1990-06-01,,550,1,/wiki/Castle_of_Dragon
121,Castlequest,,1989-09-01,,336,1,/wiki/Castlequest
122,Castlevania,,1987-05-01,1988-12-19,1500,1,/wiki/Castlevania_(video_game)
123,Castlevania II: Simon's Quest,,1988-12-01,1990-04-27,892,1,/wiki/Castlevania_II:_Simon%27s_Quest
124,Castlevania III: Dracula's Curse,,1990-09-01,1992-12-10,1300,1,/wiki/Castlevania_III:_Dracula%27s_Curse
125,Caveman Games,,1990-10-01,,455,1,/wiki/Caveman_Ughlympics
126,Challenge of the Dragon,,,,5799,0,/wiki/Challenge_of_the_Dragon
127,Championship Bowling,,1989-12-01,,222,1,/wiki/Championship_Bowling
128,Championship Pool,,1993-10-01,,756,1,/wiki/Championship_Pool
129,Championship Rally,,,1991-01-01,8993,1,/wiki/Championship_Rally
130,Cheetahmen II,,,,999900,0,/wiki/Cheetahmen_II
131,Cheetahmen: The Creation,,,,0,0,/w/index.php?title=Cheetahmen:_The_Creation&amp;action=edit&amp;redlink=1
132,Chessmaster,,1990-01-01,1992-03-26,284,1,/wiki/Chessmaster
133,Chevaliers du Zodiaque,,,1991-01-01,0,1,/w/index.php?title=Chevaliers_du_Zodiaque&amp;action=edit&amp;redlink=1
134,Chiller,,,,5600,0,/wiki/Chiller_(video_game)
135,Chip 'n Dale Rescue Rangers 2,,1994-01-01,1994-09-29,0,1,/wiki/Chip_%27n_Dale_Rescue_Rangers_2
136,Chip 'n Dale: Rescue Rangers,,1990-06-01,1991-12-12,1010,1,/wiki/Chip_%27n_Dale_Rescue_Rangers_(video_game)
137,Chubby Cherub,,1986-10-01,,3550,1,/wiki/Chubby_Cherub
138,Chunkout 2,,,,0,0,/w/index.php?title=Chunkout_2&amp;action=edit&amp;redlink=1
139,Circus Caper,,1990-07-01,,399,1,/wiki/Circus_Caper
140,City Connection,,1988-05-01,,448,1,/wiki/City_Connection
141,Clash at Demonhead,,1990-01-01,,1150,1,/wiki/Clash_at_Demonhead
142,Classic Concentration,,1990-09-01,,425,1,/wiki/Classic_Concentration
143,Cliffhanger,,1993-11-01,,1799,1,/wiki/Cliffhanger_(video_game)
144,Cloud Master,,1989-09-22,,0,1,/wiki/Cloud_Master
145,Clu Clu Land,,1985-10-01,1987-02-15,1255,1,/wiki/Clu_Clu_Land
146,Cobra Command,,1988-11-01,,298,1,/wiki/Cobra_Command_(1988_video_game)
147,Cobra Triangle,,1989-07-01,1989-10-25,364,1,/wiki/Cobra_Triangle
148,Code Name: Viper,,1990-03-01,,405,1,/wiki/Code_Name:_Viper
149,Color Caves,,,,0,0,/w/index.php?title=Color_Caves_(NES_game)&amp;action=edit&amp;redlink=1
150,Color a Dinosaur,,1993-07-01,,5275,1,/wiki/Color_a_Dinosaur
151,Commando,,1986-11-01,,399,1,/wiki/Commando_(video_game)
152,Conan: The Mysteries of Time,,1991-02-01,,1802,1,/wiki/Conan:_The_Mysteries_of_Time
153,Conflict,,1990-03-01,,699,1,/wiki/Conflict_(video_game)
154,Conquest of the Crystal Palace,,1990-11-01,,799,1,/wiki/Conquest_of_the_Crystal_Palace
155,Contra,,1988-02-01,1990-12-28,2140,1,/wiki/Contra_(video_game)
156,Contra Force,,1992-09-01,,7999,1,/wiki/Contra_Force
157,Cool World,,1993-06-01,,1800,1,/wiki/Cool_World_(NES_video_game)
158,Cowboy Kid,,1992-01-01,,6919,1,/wiki/Cowboy_Kid
159,Crackout,,,1991-01-01,0,1,/wiki/Crackout_(video_game)
160,Crash 'n the Boys: Street Challenge,,1992-10-01,,1550,1,/wiki/Crash_%27n_the_Boys:_Street_Challenge
161,Crystal Mines,,,,1664,0,/wiki/Crystal_Mines
162,Crystalis,,1990-07-01,,1199,1,/wiki/Crystalis
163,Cyberball,,1992-01-01,,384,1,/wiki/Cyberball
164,Cybernoid,,1989-12-01,,224,1,/wiki/Cybernoid
165,Dance Aerobics,,1989-03-01,,355,1,/wiki/Dance_Aerobics
166,Danny Sullivan's Indy Heat,,1992-08-01,,850,1,/wiki/Danny_Sullivan%27s_Indy_Heat
167,Darkman,,1991-10-01,,683,1,/wiki/Darkman_(video_game)
168,Darkwing Duck,,1992-06-01,1993-12-09,2235,1,/wiki/Darkwing_Duck_(Capcom)
169,Dash Galaxy in the Alien Asylum,,1990-02-01,,317,1,/wiki/Dash_Galaxy_in_the_Alien_Asylum
170,Day Dreamin' Davey,,1992-06-01,,504,1,/wiki/Day_Dreamin%27_Davey
171,Days of Thunder,,1990-10-01,1991-04-25,303,1,/wiki/Days_of_Thunder_(video_game)
172,Deadly Towers,,1987-09-01,,259,1,/wiki/Deadly_Towers
173,Death Race,,,,2950,0,/wiki/Death_Race_(1990_video_game)
174,Deathbots,,,,1350,0,/wiki/Deathbots
175,Decathlon,,,,0,0,/wiki/Decathlon_(1992_video_game)
176,Defender II,,1988-07-01,,342,1,/wiki/Defender_II
177,Defender of the Crown,,1989-07-01,1991-07-25,349,1,/wiki/Defender_of_the_Crown
178,Defenders of Dynatron City,,1992-07-01,,947,1,/wiki/Defenders_of_Dynatron_City
179,Demon Sword,,1990-01-01,,399,1,/wiki/Demon_Sword
180,Desert Commander,,1989-06-01,,325,1,/wiki/Desert_Commander
181,Destination Earthstar,,1990-02-01,,225,1,/wiki/Destination_Earthstar
182,Destiny of an Emperor,,1990-09-01,,1350,1,/wiki/Destiny_of_an_Emperor
183,Devil World,,,1987-07-15,2500,1,/wiki/Devil_World
184,Dick Tracy,,1990-08-01,,421,1,/wiki/Dick_Tracy_(video_game)
185,Die Hard,,1992-01-01,,4732,1,/wiki/Die_Hard_(video_game)
186,Dig Dug II,,1989-12-01,,500,1,/wiki/Dig_Dug_II
187,Digger T. Rock: Legend of the Lost City,,1990-12-01,,0,1,/wiki/Digger_T._Rock:_Legend_of_the_Lost_City
188,Dirty Harry: The War Against Drugs,,1990-12-01,,0,1,/wiki/Dirty_Harry:_The_War_Against_Drugs
189,Dizzy the Adventurer,,,,0,0,/wiki/Dizzy_Prince_of_the_Yolkfolk
190,Donkey Kong,,1986-06-01,1986-10-15,2349,1,/wiki/Donkey_Kong_(video_game)
191,Donkey Kong 3,,1986-06-01,,1000,1,/wiki/Donkey_Kong_3
192,Donkey Kong Classics,,1988-10-01,1989-08-10,1050,1,/wiki/Donkey_Kong_(video_game)
193,Donkey Kong Jr.,,1986-06-01,1987-06-15,1544,1,/wiki/Donkey_Kong_Jr.
194,Donkey Kong Jr. Math,,1985-10-01,,3382,1,/wiki/Donkey_Kong_Jr._Math
195,Double Dare,,1990-04-01,,500,1,/wiki/Double_Dare_(video_game)
196,Double Dragon,,1988-06-01,1994-11-24,821,1,/wiki/Double_Dragon
197,Double Dragon II: The Revenge,,1990-01-01,,700,1,/wiki/Double_Dragon_II:_The_Revenge
198,Double Dragon III: The Sacred Stones,,1991-02-01,1994-11-24,999,1,/wiki/Double_Dragon_3:_The_Rosetta_Stone
199,Double Dribble,,1987-09-01,1988-01-01,221,1,/wiki/Double_Dribble_(video_game)
200,Double Strike,,,,809,0,/wiki/Double_Strike
201,Dr. Chaos,,1988-11-01,,494,1,/wiki/Dr._Chaos
202,Dr. Jekyll and Mr. Hyde,,1989-04-01,,872,1,/wiki/Dr._Jekyll_and_Mr._Hyde_(video_game)
203,Dr. Mario,,1990-10-01,1991-06-27,381,1,/wiki/Dr._Mario
204,Dragon Fighter,,1992-01-01,,9250,1,/wiki/Dragon_Fighter_(video_game)
205,Dragon Power,,1988-03-01,,334,1,/wiki/Dragon_Power
206,Dragon Spirit,,1990-06-01,,304,1,/wiki/Dragon_Spirit
207,Dragon Warrior,,1989-08-01,,504,1,/wiki/Dragon_Warrior
208,Dragon Warrior II,,1990-09-01,,2249,1,/wiki/Dragon_Warrior_II
209,Dragon Warrior III,,1992-03-01,,3700,1,/wiki/Dragon_Warrior_III
210,Dragon Warrior IV,,1992-10-01,,5300,1,/wiki/Dragon_Quest_IV:_Chapters_of_the_Chosen
211,Dragon's Lair,,1990-12-01,1992-01-03,800,1,/wiki/Dragon%27s_Lair
212,Dropzone,,,1992-01-01,2500,1,/wiki/Dropzone
213,Duck Hunt,,1985-10-01,1987-08-15,299,1,/wiki/Duck_Hunt
214,DuckTales,,1989-09-01,1990-12-14,0,1,/wiki/DuckTales_(video_game)
215,DuckTales 2,,1993-06-01,1993-11-18,0,1,/wiki/DuckTales_2
216,Dudes with Attitude,,,,617,0,/wiki/Dudes_with_Attitude
217,Dungeon Magic: Sword of the Elements,,1990-07-01,,0,1,/wiki/Dungeon_Magic:_Sword_of_the_Elements
218,Dusty Diamond's All-Star Softball,,1990-07-01,,3999,1,/wiki/Dusty_Diamond%27s_All-Star_Softball
219,Dynowarz: Destruction of Spondylus,,1989-04-01,,0,1,/wiki/Dynowarz:_Destruction_of_Spondylus
220,Déjà Vu,,1990-12-01,1992-09-24,0,1,/wiki/D%C3%A9j%C3%A0_Vu_(video_game)
221,Elevator Action,,1987-08-01,,419,1,/wiki/Elevator_Action
222,Eliminator Boat Duel,,1991-11-01,1993-04-29,413,1,/wiki/Eliminator_Boat_Duel
223,Elite,,,1991-01-01,2999,1,/wiki/Elite_(video_game)
224,Excitebike,,1985-10-01,1986-09-01,600,1,/wiki/Excitebike
225,Exodus,,,,0,0,/wiki/Exodus_(video_game)
226,F-117A Stealth Fighter,,1992-12-01,,799,1,/wiki/F-117A_Stealth_Fighter
227,F-15 City War,,,,325,0,/wiki/F-15_City_War
228,F-15 Strike Eagle,,1992-02-01,1993-02-18,453,1,/wiki/F-15_Strike_Eagle_(video_game)
229,Family Feud,,1991-05-01,,695,1,/wiki/Family_Feud#Home_versions
230,Fantasy Zone,,,,1178,0,/wiki/Fantasy_Zone
231,Faria: A World of Mystery and Danger,,1991-06-01,,0,1,/wiki/Faria:_A_World_of_Mystery_and_Danger
232,Faxanadu,,1989-08-01,1990-12-28,375,1,/wiki/Faxanadu
233,Felix the Cat,,1992-10-01,,2999,1,/wiki/Felix_the_Cat_(video_game)
234,Ferrari Grand Prix Challenge,,1992-06-01,,324,1,/wiki/F-1_Hero_MD
235,Fester's Quest,,1989-09-01,1990-09-14,250,1,/wiki/Fester%27s_Quest
236,Final Fantasy,,1990-05-01,,1416,1,/wiki/Final_Fantasy_(video_game)
237,Fire 'n Ice,,1993-03-01,1993-03-18,5528,1,/wiki/Fire_%27n_Ice
238,Firehawk,,,,446,0,/wiki/FireHawk_(video_game)
239,Fisher-Price: Firehouse Rescue,,1992-03-01,,635,1,/wiki/Fisher-Price:_Firehouse_Rescue
240,Fisher-Price: I Can Remember,,1990-03-01,,0,1,/wiki/Fisher-Price:_I_Can_Remember
241,Fisher-Price: Perfect Fit,,1990-03-01,,0,1,/wiki/Fisher-Price:_Perfect_Fit
242,Fist of the North Star,,1989-04-01,,997,1,/wiki/Fist_of_the_North_Star_(1987_video_game)
243,Flight of the Intruder,,1991-05-01,,476,1,/wiki/Flight_of_the_Intruder_(video_game)
244,Flying Dragon: The Secret Scroll,,1989-08-01,,0,1,/wiki/Flying_Dragon:_The_Secret_Scroll
245,Flying Warriors,,1991-02-01,,537,1,/wiki/Flying_Warriors
246,Formula One: Built to Win,,1990-11-01,,805,1,/wiki/Formula_One:_Built_to_Win
247,Frankenstein: The Monster Returns,,1991-07-01,,1715,1,/wiki/Frankenstein:_The_Monster_Returns
248,Freedom Force,,1988-04-01,,524,1,/wiki/Freedom_Force_(video_game)
249,Friday the 13th,,1989-02-01,,467,1,/wiki/Friday_the_13th_(NES_video_game)
250,Fun House,,1991-01-01,,477,1,/wiki/Fun_House_(video_game)
251,G.I. Joe,,1991-01-01,,0,1,/wiki/G.I._Joe_(NES_video_game)
252,G.I. Joe: The Atlantis Factor,,1992-03-01,,0,1,/wiki/G.I._Joe:_The_Atlantis_Factor
253,Galactic Crusader,,,,2420,0,/wiki/Galactic_Crusader
254,Galaga,,1988-09-01,,623,1,/wiki/Galaga
255,Galaxy 5000,,1991-02-01,,1440,1,/wiki/Galaxy_5000
256,Gargoyle's Quest II,,1992-10-01,1993-06-17,0,1,/wiki/Gargoyle%27s_Quest_II
257,Gauntlet,,1987-01-01,,512,1,/wiki/Gauntlet_(1985_video_game)
258,Gauntlet II,,1990-09-01,1991-04-25,516,1,/wiki/Gauntlet_II
259,GemVenture,,,,0,0,/w/index.php?title=GemVenture&amp;action=edit&amp;redlink=1
260,Gemfire,,1992-03-01,,5999,1,/wiki/Gemfire
261,Geminim/Siamond,,,,0,0,/w/index.php?title=Geminim/Siamond&amp;action=edit&amp;redlink=1
262,Genghis Khan,,1990-01-01,,672,1,/wiki/Genghis_Khan_(video_game)
263,George Foreman's KO Boxing,,1992-12-01,,325,1,/wiki/George_Foreman%27s_KO_Boxing
264,Ghostbusters,,1988-10-01,,538,1,/wiki/Ghostbusters_(video_game)#Ghostbusters_.28Activision.29
265,Ghostbusters II,,1990-04-01,1990-12-07,544,1,/wiki/Ghostbusters_(video_game)#Ghostbusters_II_video_game
266,Ghosts'n Goblins,,1986-11-01,1989-03-23,0,1,/wiki/Ghosts%27n_Goblins
267,Ghoul School,,1992-03-01,,1106,1,/wiki/Ghoul_School
268,Glider,,,,0,0,/w/index.php?title=Glider_(game)&amp;action=edit&amp;redlink=1
269,Goal!,,1989-10-01,1994-03-24,0,1,/wiki/Goal!_(video_game)
270,Goal! Two,,1992-11-01,,0,1,/wiki/Goal!_Two
271,Godzilla 2: War of the Monsters,,1992-02-01,,4770,1,/wiki/Godzilla_2:_War_of_the_Monsters
272,Godzilla: Monster of Monsters,,1989-10-01,,0,1,/wiki/Godzilla:_Monster_of_Monsters
273,Golf,,1985-10-01,1986-11-15,349,1,/wiki/Golf_(video_game)
274,Golf Grand Slam,,1991-11-01,,650,1,/wiki/Golf_Grand_Slam_(video_game)
275,Golgo 13: Top Secret Episode,,1988-09-01,,299,1,/wiki/Golgo_13:_Top_Secret_Episode
276,Gotcha! The Sport!,,1987-11-01,,0,1,/wiki/Gotcha!_The_Sport!
277,Gradius,,1986-12-01,1988-11-30,600,1,/wiki/Gradius
278,Greg Norman's Golf Power,,1992-07-01,,750,1,/wiki/Greg_Norman%27s_Golf_Power
279,Gremlins 2: The New Batch,,1990-10-01,1991-02-21,0,1,/wiki/Gremlins_2:_The_New_Batch_(video_game)
280,Guerrilla War,,1989-06-01,,889,1,/wiki/Guerrilla_War_(video_game)
281,Gumshoe,,1986-06-01,1988-06-15,532,1,/wiki/Gumshoe_(video_game)
282,Gun-Nac,,1991-09-01,,8500,1,/wiki/Gun-Nac
283,Gun.Smoke,,1988-02-01,1989-02-23,655,1,/wiki/Gun.Smoke
284,Gyromite,,1985-10-01,,300,1,/wiki/Gyromite
285,Gyruss,,1989-02-01,,395,1,/wiki/Gyruss
286,Hammerin' Harry,,,1992-01-01,0,1,/wiki/Hammerin%27_Harry
287,Harlem Globetrotters,,1991-03-01,,380,1,/wiki/Harlem_Globetrotters_(video_game)
288,Hatris,,1992-04-01,,825,1,/wiki/Hatris
289,Heavy Barrel,,1990-03-01,,457,1,/wiki/Heavy_Barrel
290,Heavy Shreddin',,1990-06-01,,299,1,/wiki/Heavy_Shreddin%27
291,High Speed,,1991-07-01,1994-04-28,386,1,/wiki/High_Speed_(video_game)
292,Hogan's Alley,,1985-10-01,1987-12-15,498,1,/wiki/Hogan%27s_Alley_(video_game)
293,Hollywood Squares,,1989-09-01,,399,1,/wiki/Hollywood_Squares_(video_game)
294,Home Alone,,1991-10-01,,622,1,/wiki/Home_Alone_(video_game)
295,Home Alone 2: Lost in New York,,1992-10-01,,425,1,/wiki/Home_Alone_2:_Lost_in_New_York_(video_game)
296,Hook,,1992-04-01,,551,1,/wiki/Hook_(video_game)
297,Hoops,,1989-06-01,,144,1,/wiki/Hoops_(video_game)
298,Hot Slots,,,,70000,0,/wiki/Hot_Slots
299,Hudson Hawk,,1992-02-01,,399,1,/wiki/Hudson_Hawk_(video_game)
300,Hydlide,,1989-06-01,,304,1,/wiki/Hydlide
301,Ice Climber,,1985-10-01,1986-09-01,950,1,/wiki/Ice_Climber
302,Ice Hockey,,1988-03-01,1988-04-15,400,1,/wiki/Ice_Hockey_(1988_video_game)
303,Ikari Warriors,,1987-05-01,1989-08-10,524,1,/wiki/Ikari_Warriors
304,Ikari Warriors II: Victory Road,,1988-04-01,,542,1,/wiki/Ikari_Warriors_II:_Victory_Road
305,Ikari Warriors III: The Rescue,,1991-02-01,,1318,1,/wiki/Ikari_III:_The_Rescue
306,Image Fight,,1990-06-01,,592,1,/wiki/Image_Fight
307,Impossible Mission II,,,,1100,0,/wiki/Impossible_Mission_II
308,Indiana Jones and the Last Crusade,,1991-03-01,,1500,1,/wiki/Indiana_Jones_and_the_Last_Crusade_(1991_video_game)
309,Indiana Jones and the Last Crusade,,1993-12-01,,0,1,/wiki/Indiana_Jones_and_the_Last_Crusade:_The_Action_Game
310,Indiana Jones and the Temple of Doom,,1988-12-01,,425,1,/wiki/Indiana_Jones_and_the_Temple_of_Doom_(Nintendo_Entertainment_System)
311,Indiana Jones and the Temple of Doom,,1988-12-01,,0,0,/wiki/Indiana_Jones_and_the_Temple_of_Doom_(Nintendo_Entertainment_System)
312,Infiltrator,,1990-01-01,,225,1,/wiki/Infiltrator
313,International Cricket,,,1992-01-01,0,1,/wiki/International_Cricket
314,Iron Tank,,1988-07-01,,238,1,/wiki/Iron_Tank
315,Ironsword: Wizards &amp; Warriors II,,1989-12-01,1991-03-27,0,1,/wiki/Ironsword:_Wizards_%26_Warriors_II
316,Isolated Warrior,,1991-02-01,,766,1,/wiki/Isolated_Warrior
317,Ivan 'Ironman' Stewart's Super Off Road,,1990-04-01,1991-03-14,0,1,/wiki/Ivan_%27Ironman%27_Stewart%27s_Super_Off_Road
318,Jack Nicklaus' Greatest 18 Holes of Major Championship Golf,,1990-03-01,1991-06-27,0,1,/wiki/Jack_Nicklaus%27_Greatest_18_Holes_of_Major_Championship_Golf
319,Jackal,,1988-09-01,,571,1,/wiki/Jackal_(video_game)
320,Jackie Chan's Action Kung Fu,,1990-12-01,,1799,1,/wiki/Jackie_Chan%27s_Action_Kung_Fu
321,James Bond Jr.,,1992-11-01,,0,1,/wiki/James_Bond_Jr.
322,Jaws,,1987-11-01,,325,1,/wiki/Jaws_(video_game)
323,Jeopardy!,,1988-09-01,,195,1,/wiki/Merchandise_based_on_Jeopardy!#Consoles
324,Jeopardy! 25th Anniversary Edition,Jeopardy!-25th Anniversary,1990-06-01,,204,1,/wiki/Merchandise_based_on_Jeopardy!#Consoles
325,Jeopardy! Junior Edition,Jeopardy!-Jr,1989-10-01,,225,1,/wiki/Merchandise_based_on_Jeopardy!#Consoles
326,Jimmy Connors Tennis,,1993-11-01,,2600,1,/wiki/Jimmy_Connors_Tennis
327,Joe &amp; Mac,,1992-12-01,,1099,1,/wiki/Joe_%26_Mac
328,John Elway's Quarterback,,1989-03-01,,0,1,/wiki/John_Elway%27s_Quarterback
329,Jordan vs. Bird: One on One,,1989-08-01,,0,1,/wiki/Jordan_vs._Bird:_One_on_One
330,Joshua &amp; the Battle of Jericho,,,,0,0,/wiki/Joshua_%26_the_Battle_of_Jericho
331,Journey to Silius,,1990-09-01,1991-02-21,1250,1,/wiki/Journey_to_Silius
332,Joust,,1988-10-01,,398,1,/wiki/Joust_(video_game)
333,Jurassic Park,,1993-06-01,1993-12-28,648,1,/wiki/Jurassic_Park_(NES_video_game)
334,Kabuki Quantum Fighter,,1991-01-01,1992-02-20,349,1,/wiki/Kabuki_Quantum_Fighter
335,Karate Champ,,1986-11-01,,195,1,/wiki/Karate_Champ
336,Karnov,,1988-01-01,,324,1,/wiki/Karnov
337,Kart Fighter,,,,0,0,/wiki/Kart_Fighter
338,Kick Master,,1992-01-01,,2299,1,/wiki/Kick_Master
339,Kick Off,,,1992-07-22,0,1,/wiki/Kick_Off_(series)
340,Kickle Cubicle,,1990-09-01,,993,1,/wiki/Kickle_Cubicle
341,Kid Icarus,,1987-07-01,1988-02-15,1401,1,/wiki/Kid_Icarus
342,Kid Klown in Night Mayor World,,1993-04-01,,5999,1,/wiki/Kid_Klown_in_Night_Mayor_World
343,Kid Kool,,1990-03-01,,599,1,/wiki/Kid_Kool
344,Kid Niki: Radical Ninja,,1987-11-01,,500,1,/wiki/Kid_Niki:_Radical_Ninja
345,King Neptune's Adventure,,,,8877,0,/wiki/King_Neptune%27s_Adventure
346,King of Kings: The Early Years,,,,0,0,/wiki/King_of_Kings:_The_Early_Years
347,King's Knight,,1989-09-01,,425,1,/wiki/King%27s_Knight
348,King's Quest V: Absence Makes the Heart Go Yonder!,,1992-06-01,,0,1,/wiki/King%27s_Quest_V:_Absence_Makes_the_Heart_Go_Yonder!
349,Kings of the Beach,,1990-01-01,,199,1,/wiki/Kings_of_the_Beach
350,Kirby's Adventure,,1993-05-01,1993-12-09,1133,1,/wiki/Kirby%27s_Adventure
351,Kiwi Kraze,,1991-03-01,1991-01-01,1239,1,/wiki/Kiwi_Kraze
352,KlashBall,,1991-07-01,,359,1,/wiki/KlashBall
353,Klax,,,,399,0,/wiki/Klax_(video_game)
354,Knight Rider,,1989-12-01,1990-07-27,324,1,/wiki/Knight_Rider_(video_game)
355,Konami Hyper Soccer,,,1992-01-01,0,1,/wiki/Konami_Hyper_Soccer
356,Krazy Kreatures,,,,851,0,/wiki/Krazy_Kreatures
357,Krusty's Fun House,,1992-09-01,,650,1,/wiki/Krusty%27s_Fun_House
358,Kung Fu Heroes,,1989-03-01,,298,1,/wiki/Kung_Fu_Heroes
359,Kung-Fu Master,,1985-10-01,1987-04-15,0,1,/wiki/Kung-Fu_Master
360,L'Empereur,,1991-11-01,,3503,1,/wiki/L%27Empereur
361,Laser Invasion,,1991-06-01,,400,1,/wiki/Laser_Invasion
362,Last Action Hero,,1993-10-01,,1953,1,/wiki/Last_Action_Hero_(video_game)
363,Lee Trevino's Fighting Golf,,1988-09-01,1990-05-18,168,1,/wiki/Lee_Trevino%27s_Fighting_Golf
364,Legacy of the Wizard,,1989-04-01,,278,1,/wiki/Legacy_of_the_Wizard
365,Legend of the Ghost Lion,,1992-10-01,,0,1,/wiki/Legend_of_the_Ghost_Lion
366,Legendary Wings,,1988-07-01,,498,1,/wiki/Legendary_Wings
367,Legends of the Diamond,,1992-01-01,,500,1,/wiki/Legends_of_the_Diamond
368,Lemmings,,1992-11-01,1993-05-19,2350,1,/wiki/Lemmings_(video_game)
369,Lethal Weapon,,1993-04-01,,1328,1,/wiki/Lethal_Weapon_(video_game)
370,Life Force,,1988-08-01,1988-01-01,993,1,/wiki/Salamander_(video_game)#Nintendo_Entertainment_System
371,Linus Spacehead's Cosmic Crusade,,,,0,0,/wiki/Linus_Spacehead%27s_Cosmic_Crusade
372,Little League Baseball: Championship Series,,1990-07-01,,0,1,/wiki/Little_League_Baseball:_Championship_Series
373,Little Nemo: The Dream Master,,1990-09-01,1991-12-12,667,1,/wiki/Little_Nemo:_The_Dream_Master
374,Little Ninja Brothers,,1990-12-01,,2501,1,/wiki/Little_Ninja_Brothers
375,Little Red Hood,,,,8576,0,/wiki/Little_Red_Hood
376,Little Samson,,1992-11-01,1993-03-18,53528,1,/wiki/Little_Samson
377,Lode Runner,,1987-09-01,,600,1,/wiki/Lode_Runner
378,Loopz,,1990-10-01,,351,1,/wiki/Loopz
379,Low G Man: The Low Gravity Man,,1990-09-01,,0,1,/wiki/Low_G_Man:_The_Low_Gravity_Man
380,Lunar Pool,,1987-10-01,,278,1,/wiki/Lunar_Pool
381,M.C. Kids,,1992-02-01,1993-05-19,849,1,/wiki/M.C._Kids
382,M.U.L.E.,,1990-09-01,,1839,1,/wiki/M.U.L.E.
383,M.U.S.C.L.E.,,1986-10-01,,0,1,/wiki/M.U.S.C.L.E._(video_game)
384,Mach Rider,,1985-10-01,1987-03-15,302,1,/wiki/Mach_Rider
385,Mad Max,,1990-07-01,,338,1,/wiki/Mad_Max_(1990_video_game)
386,MagMax,,1988-10-01,,259,1,/wiki/MagMax
387,Magic Darts,,1991-09-01,,400,1,/wiki/Magic_Darts
388,Magic Jewelry,,,,0,0,/wiki/Magic_Jewelry
389,Magic Johnson's Fast Break,,1990-03-01,,0,1,/wiki/Magic_Johnson%27s_Fast_Break
390,Magician,,1991-02-01,,1050,1,/wiki/Magician_(video_game)
391,Major League Baseball,,1988-04-01,,137,1,/wiki/Major_League_Baseball_(video_game)
392,Maniac Mansion,,1990-09-01,1992-10-22,1200,1,/wiki/Maniac_Mansion
393,Mappy-Land,,1989-04-01,,496,1,/wiki/Mappy-Land
394,Marble Madness,,1989-03-01,,498,1,/wiki/Marble_Madness
395,Mario Bros.,,1986-06-01,1986-09-01,0,1,/wiki/Mario_Bros.
396,Mario Bros. Classic Series PAL,,,1985-09-01,0,1,/w/index.php?title=Mario_Bros._Classic_Series_PAL&amp;action=edit&amp;redlink=1
397,Mario Is Missing!,,1993-07-01,,0,1,/wiki/Mario_Is_Missing!
398,Mario's Time Machine,,1994-06-01,,4211,1,/wiki/Mario%27s_Time_Machine
399,Master Chu and the Drunkard Hu,,,,1599,0,/wiki/Master_Chu_and_the_Drunkard_Hu
400,Maxi 15,,,,6699,0,/wiki/Maxi_15
401,Mechanized Attack,,1990-06-01,,550,1,/wiki/Mechanized_Attack
402,Mega Man,,1987-12-01,1989-12-13,3999,1,/wiki/Mega_Man_(video_game)
403,Mega Man 2,,1989-06-01,1990-12-14,1644,1,/wiki/Mega_Man_2
404,Mega Man 3,,1990-11-01,1992-02-20,1263,1,/wiki/Mega_Man_3
405,Mega Man 4,,1992-01-01,1993-01-21,2243,1,/wiki/Mega_Man_4
406,Mega Man 5,,1992-12-01,1993-11-18,5255,1,/wiki/Mega_Man_5
407,Mega Man 6,,1994-03-01,,3250,1,/wiki/Mega_Man_6
408,Menace Beach,,,,13352,0,/wiki/Menace_Beach
409,Mendel Palace,,1990-10-01,,595,1,/wiki/Mendel_Palace
410,Mermaids of Atlantis,,,,2499,0,/wiki/Mermaids_of_Atlantis
411,Metal Fighter,,,,850,0,/wiki/Metal_Fighter
412,Metal Gear,,1988-06-01,1988-01-01,677,1,/wiki/Metal_Gear_(video_game)
413,Metal Mech,,1991-03-01,,400,1,/wiki/Metal_Mech
414,Metal Storm,,1991-02-01,,4450,1,/wiki/Metal_Storm_(video_game)
415,Metroid,,1987-08-01,1988-01-15,1250,1,/wiki/Metroid_(video_game)
416,MiG-29: Soviet Fighter,,,,0,0,/wiki/MiG-29:_Soviet_Fighter
417,Michael Andretti's World GP,,1990-06-01,,256,1,/wiki/Michael_Andretti%27s_World_GP
418,Mickey Mousecapade,,1988-10-01,,491,1,/wiki/Mickey_Mousecapade
419,Mickey's Adventures in Numberland,,1994-03-01,,0,1,/wiki/Mickey%27s_Adventures_in_Numberland
420,Mickey's Safari in Letterland,,1993-03-01,,895,1,/wiki/Mickey%27s_Safari_in_Letterland
421,Micro Machines,,,,1895,0,/wiki/Micro_Machines_(video_game_series)
422,Might and Magic Book One: The Secret of the Inner Sanctum,,1992-08-01,,0,1,/wiki/Might_and_Magic_Book_One:_The_Secret_of_the_Inner_Sanctum
423,Mighty Bomb Jack,,1987-05-01,,375,1,/wiki/Mighty_Bomb_Jack
424,Mighty Final Fight,,1993-07-01,,7500,1,/wiki/Mighty_Final_Fight
425,Mike Tyson's Punch-Out!!,,1987-10-01,1987-12-15,0,1,/wiki/Punch-Out!!_(NES)
426,Millipede,,1988-10-01,,395,1,/wiki/Millipede_(video_game)
427,Milon's Secret Castle,,1988-09-01,,463,1,/wiki/Milon%27s_Secret_Castle
428,Miracle Piano Teaching System,,1990-01-01,1990-01-01,0,1,/wiki/Miracle_Piano_Teaching_System
429,Mission Cobra,,,,2499,0,/wiki/Mission_Cobra
430,Mission: Impossible,,1990-09-01,1991-11-28,245,1,/wiki/Mission:_Impossible_(Nintendo_Entertainment_System)
431,Monopoly,,1991-05-01,,399,1,/wiki/Monopoly_(video_game)
432,Monster Party,,1989-06-01,,550,1,/wiki/Monster_Party
433,Monster Truck Rally,,1991-09-01,,1000,1,/wiki/Monster_Truck_Rally_(video_game)
434,Monster in My Pocket,,1992-01-01,,1350,1,/wiki/Monster_in_My_Pocket
435,Moon Ranger,,,,9499,0,/wiki/Moon_Ranger
436,Motor City Patrol,,1992-01-01,,2441,1,/wiki/Motor_City_Patrol
437,Mr. Gimmick!,,,1993-05-19,0,1,/wiki/Gimmick!
438,Ms. Pac-Man,,1993-11-01,,0,1,/wiki/Ms._Pac-Man
439,Ms. Pac-Man,,,,0,0,/wiki/Ms._Pac-Man
440,Muppet Adventure: Chaos at the Carnival,,1990-11-01,,0,1,/wiki/Muppet_Adventure:_Chaos_at_the_Carnival
441,Mystery Quest,,1989-04-01,,437,1,/wiki/Mystery_Quest_(video_game)
442,Mystic Pillars,,,,0,0,/w/index.php?title=Mystic_Pillars&amp;action=edit&amp;redlink=1
443,NARC,,1990-08-01,,376,1,/wiki/Narc_(video_game)
444,NES Open Tournament Golf,,1991-09-01,1992-06-18,985,1,/wiki/NES_Open_Tournament_Golf
445,NES Play Action Football,,1990-09-01,,0,1,/wiki/NES_Play_Action_Football
446,NFL,,1989-09-01,,0,1,/wiki/NFL_(video_game)
447,Nage Hunt,,,,0,0,/w/index.php?title=Nage_Hunt&amp;action=edit&amp;redlink=1
448,New Ghostbusters II,,,1990-01-01,0,1,/wiki/New_Ghostbusters_II
449,Nigel Mansell's World Championship Racing,,1993-10-01,,999,1,/wiki/Nigel_Mansell%27s_World_Championship_Racing
450,Nightshade,,1992-01-01,,999,1,/wiki/Nightshade_(1991_video_game)
451,Ninja Crusaders,,1990-12-01,,1100,1,/wiki/Ninja_Crusaders
452,Ninja Gaiden,,1989-03-01,1991-08-15,775,1,/wiki/Ninja_Gaiden_(Nintendo_Entertainment_System)
453,Ninja Gaiden II: The Dark Sword of Chaos,,1990-05-01,1994-10-27,851,1,/wiki/Ninja_Gaiden_II:_The_Dark_Sword_of_Chaos
454,Ninja Gaiden III: The Ancient Ship of Doom,,1991-08-01,,0,1,/wiki/Ninja_Gaiden_III:_The_Ancient_Ship_of_Doom
455,Ninja Kid,,1986-10-01,,475,1,/wiki/Ninja_Kid
456,Nintendo World Championships,,1990-01-01,,0,1,/wiki/Nintendo_World_Championships#Games
457,Nintendo World Cup,,1990-12-01,1991-06-27,276,1,/wiki/Nintendo_World_Cup
458,Noah's Ark,,,1992-01-01,0,1,/wiki/Noah%27s_Ark_(video_game)
459,Nobunaga's Ambition,,1989-06-01,,700,1,/wiki/Nobunaga%27s_Ambition
460,Nobunaga's Ambition II,,1991-04-01,,0,1,/wiki/Nobunaga%27s_Ambition_II
461,Nomolos: Storming the Castle,,,,0,0,/w/index.php?title=Nomolos:_Storming_the_Castle&amp;action=edit&amp;redlink=1
462,North &amp; South,,1990-12-01,1992-01-23,2199,1,/wiki/North_%26_South_(video_game)
463,Operation Secret Storm,,,,4000,0,/wiki/Operation_Secret_Storm
464,Operation Wolf,,1989-05-01,,289,1,/wiki/Operation_Wolf
465,Orb-3D,,1990-10-01,,0,1,/wiki/Orb-3D
466,Othello,,1988-12-01,,223,1,/wiki/Othello_(video_game)
467,Over Horizon,,,1991-01-01,0,1,/wiki/Over_Horizon
468,Overlord,,1993-01-01,,783,1,/wiki/Overlord_(1990_video_game)
469,P.O.W.: Prisoners of War,,1989-09-01,,0,1,/wiki/P.O.W.:_Prisoners_of_War
470,Pac-Man,,1993-11-01,,0,1,/wiki/Pac-Man
471,Pac-Man,,,,0,0,/wiki/Pac-Man
472,Pac-Mania,,,,939,0,/wiki/Pac-Mania
473,Palamedes,,1990-11-01,,524,1,/wiki/Palamedes_(video_game)
474,Panic Restaurant,,1992-08-01,1994-05-26,26750,1,/wiki/Panic_Restaurant
475,Paperboy,,1988-12-01,1990-10-26,699,1,/wiki/Paperboy_(video_game)
476,Paperboy 2,,1992-04-01,,1045,1,/wiki/Paperboy_2
477,Parasol Stars - The Story of Bubble Bobble 3,,,1991-01-01,0,1,/wiki/Parasol_Stars
478,Parodius Da!,,,1992-01-01,0,1,/wiki/Parodius_(1990_video_game)
479,Peek-A-Boo Poker,,,,95599,0,/wiki/Peek-A-Boo_Poker
480,Pesterminator: The Western Exterminator,,,,0,0,/wiki/Pesterminator:_The_Western_Exterminator
481,Peter Pan and the Pirates,,1991-01-01,,597,1,/wiki/Peter_Pan_and_the_Pirates_(video_game)
482,Phantom Fighter,,1990-04-01,,399,1,/wiki/Phantom_Fighter
483,Pictionary,,1990-07-01,,299,1,/wiki/Pictionary_(video_game)
484,Pin*Bot,,1990-04-01,,0,1,/wiki/Pin*Bot_(video_game)
485,Pinball,,1985-10-01,1986-09-01,349,1,/wiki/Pinball_(video_game)
486,Pinball Quest,,1990-06-01,,328,1,/wiki/Pinball_Quest
487,Pipe Dream,,1990-09-01,,400,1,/wiki/Pipe_Mania
488,Pirates!,,1991-10-01,,0,1,/wiki/Sid_Meier%27s_Pirates!
489,Platoon,,1988-12-01,,200,1,/wiki/Platoon_(1987_video_game)
490,Popeye,,1986-06-01,1986-09-01,654,1,/wiki/Popeye_(video_game)
491,Power Blade,,1991-03-01,1992-01-23,1550,1,/wiki/Power_Blade
492,Power Blade 2,,1992-10-01,,25000,1,/wiki/Power_Blade_2
493,Power Punch II,,1992-06-01,,999,1,/wiki/Power_Punch_II
494,Predator: Soon the Hunt Will Begin,,1989-04-01,,0,1,/wiki/Predator:_Soon_the_Hunt_Will_Begin
495,Prince of Persia,,1992-11-01,1993-04-29,1025,1,/wiki/Prince_of_Persia_(1989_video_game)
496,Prince of Thieves,,1991-11-01,1992-12-10,0,1,/wiki/Robin_Hood:_Prince_of_Thieves_(video_game)
497,Princess Tomato in the Salad Kingdom,,1991-02-01,,3825,1,/wiki/Princess_Tomato_in_the_Salad_Kingdom
498,Pro Sport Hockey,,1993-11-01,,0,1,/wiki/Pro_Sport_Hockey
499,Pro Wrestling,,1987-03-01,1987-09-15,525,1,/wiki/Pro_Wrestling_(Nintendo_Entertainment_System)
500,Puss 'n Boots: Pero's Great Adventure,,1990-06-01,,0,1,/wiki/Puss_%27n_Boots:_Pero%27s_Great_Adventure
501,Puzzle,,,,750,0,/wiki/Puzzle_(video_game)
502,Puzznic,,1990-11-01,1991-04-25,644,1,/wiki/Puzznic
503,Pyramid,,,,500,0,/wiki/Pyramid_(video_game)
504,Q*bert,,1989-02-01,,747,1,/wiki/Q*bert
505,Qix,,1991-01-01,,1524,1,/wiki/Qix
506,Quattro Adventure,,,,699,0,/wiki/Quattro_Adventure
507,Quattro Arcade,,,,922,0,/wiki/Quattro_Arcade
508,Quattro Sports,,,,325,0,/wiki/Quattro_Sports
509,R.B.I. Baseball,,,,0,0,/wiki/R.B.I._Baseball
510,R.B.I. Baseball 2,,,,0,0,/wiki/R.B.I._Baseball_2
511,R.B.I. Baseball 3,,,,0,0,/wiki/R.B.I._Baseball_3
512,R.C. Pro-Am,,1988-02-01,1988-04-15,0,1,/wiki/R.C._Pro-Am
513,R.C. Pro-Am II,,1992-12-01,1993-09-23,0,1,/wiki/R.C._Pro-Am_II
514,Race America,,1992-05-01,,1996,1,/wiki/Race_America
515,RacerMate Challenge II,,,,75000,0,/w/index.php?title=RacerMate_Challenge_II&amp;action=edit&amp;redlink=1
516,Racket Attack,,1988-10-01,1994-03-24,191,1,/wiki/Racket_Attack
517,Rackets &amp; Rivals,,,1993-01-01,0,1,/wiki/Rackets_%26_Rivals
518,Rad Racer,,1987-10-01,1988-01-15,395,1,/wiki/Rad_Racer
519,Rad Racer II,,1990-06-01,,394,1,/wiki/Rad_Racer_II
520,Rad Racket: Deluxe Tennis II,,,,0,0,/wiki/Rad_Racket:_Deluxe_Tennis_II
521,Raid 2020,,,,875,0,/wiki/Raid_2020
522,Raid on Bungeling Bay,,1987-09-01,,349,1,/wiki/Raid_on_Bungeling_Bay
523,Rainbow Islands: European Version(diff game),,,1991-06-01,0,1,/w/index.php?title=Rainbow_Islands:_European_Version(diff_game)&amp;action=edit&amp;redlink=1
524,Rainbow Islands: The Story of Bubble Bobble 2,,1991-06-01,,0,1,/wiki/Rainbow_Islands:_The_Story_of_Bubble_Bobble_2
525,Rally Bike,,1990-09-01,,459,1,/wiki/Rally_Bike
526,Rambo,,1988-05-01,,294,1,/wiki/Rambo_(Nintendo_Entertainment_System_game)
527,Rampage,,1988-12-01,,822,1,/wiki/Rampage_(video_game)
528,Rampart,,1992-01-01,,889,1,/wiki/Rampart_(video_game)
529,Remote Control,,1990-05-01,,226,1,/wiki/Remote_Control_(game_show)
530,Renegade,,1988-01-01,,299,1,/wiki/Renegade_(video_game)
531,Rescue: The Embassy Mission,,1990-01-01,1991-03-27,199,1,/wiki/Rescue:_The_Embassy_Mission
532,Ring King,,1987-09-01,,419,1,/wiki/Ring_King
533,River City Ransom,,1990-01-01,,2170,1,/wiki/River_City_Ransom
534,Road Fighter,,,1991-01-01,1925,1,/wiki/Road_Fighter
535,Road Runner,,,,461,0,/wiki/Road_Runner_(video_game)
536,RoadBlasters,,1990-01-01,,295,1,/wiki/RoadBlasters
537,RoboCop,,1989-12-01,1991-04-25,236,1,/wiki/RoboCop_(video_games)#RoboCop
538,RoboCop 2,,1991-04-01,,696,1,/wiki/RoboCop_(video_games)#RoboCop_2
539,RoboCop 3,,1992-08-01,1994-07-28,1799,1,/wiki/RoboCop_(video_games)#RoboCop_3
540,Robodemons,,,,2327,0,/wiki/Robodemons
541,Robowarrior,,1988-12-01,1989-09-27,0,1,/wiki/Robowarrior
542,Rock 'n Ball,,1990-01-01,,284,1,/wiki/Rock_%27n_Ball
543,Rocket Ranger,,1990-06-01,,219,1,/wiki/Rocket_Ranger
544,Rockin' Kats,,1991-09-01,1992-11-19,2846,1,/wiki/Rockin%27_Kats
545,Rod Land,,,1993-01-01,0,1,/wiki/Rod_Land
546,Roger Clemens' MVP Baseball,,1991-10-01,,157,1,/wiki/Roger_Clemens%27_MVP_Baseball
547,RollerGames,,1990-09-01,1991-10-24,0,1,/wiki/RollerGames
548,Rollerball,,1990-02-01,,233,1,/wiki/Rollerball_(video_game)
549,Rollerblade Racer,,1993-02-01,,498,1,/wiki/Rollerblade_Racer
550,Rolling Thunder,,,,498,0,/wiki/Rolling_Thunder_(video_game)
551,Romance of the Three Kingdoms,,1989-10-01,,700,1,/wiki/Romance_of_the_Three_Kingdoms_(video_game_series)
552,Romance of the Three Kingdoms II,,1991-09-01,,2501,1,/wiki/Romance_of_the_Three_Kingdoms_II
553,Roundball: 2 on 2 Challenge,,1992-05-01,,0,1,/wiki/Roundball:_2_on_2_Challenge
554,Rush'n Attack,,1987-04-01,1988-01-01,286,1,/wiki/Rush%27n_Attack
555,Rygar,,1987-07-01,1990-03-30,421,1,/wiki/Rygar
556,S.C.A.T.: Special Cybernetic Attack Team,,1991-06-01,,0,1,/wiki/S.C.A.T.:_Special_Cybernetic_Attack_Team
557,Secret Scout in the Temple of Demise,,,,0,0,/wiki/Secret_Scout_in_the_Temple_of_Demise
558,Section Z,,1987-07-01,1989-09-27,336,1,/wiki/Section_Z
559,Seicross,,1988-10-01,,257,1,/wiki/Seicross
560,Sesame Street: 1-2-3,,1989-01-01,,0,1,/wiki/Sesame_Street:_1-2-3
561,Sesame Street: A-B-C,,1989-09-01,,0,1,/wiki/Sesame_Street:_A-B-C
562,Sesame Street: A-B-C/1-2-3,,1991-11-01,,0,1,/wiki/Sesame_Street:_A-B-C/1-2-3
563,Sesame Street: Big Bird's Hide &amp; Speak,,1990-10-01,,215,1,/wiki/Sesame_Street:_Big_Bird%27s_Hide_%26_Speak
564,Sesame Street: Countdown,,1992-02-01,,501,1,/wiki/Sesame_Street:_Countdown
565,Shadow of the Ninja,,1990-12-01,1991-07-25,1799,1,/wiki/Shadow_of_the_Ninja
566,Shadowgate,,1989-12-01,1991-05-30,934,1,/wiki/Shadowgate
567,Shatterhand,,1991-12-01,1992-11-19,1844,1,/wiki/Shatterhand
568,Shingen the Ruler,,1990-06-01,,524,1,/wiki/Shingen_the_Ruler
569,Shinobi,,,,699,0,/wiki/Shinobi_(video_game)
570,Shockwave,,,,1025,0,/wiki/Shockwave_(video_game)
571,Shooting Range,,1989-06-01,,453,1,/wiki/Shooting_Range_(video_game)
572,Short Order / Eggsplode!,,1989-12-01,,0,1,/wiki/Short_Order_/_Eggsplode!
573,Side Pocket,,1987-06-01,1992-05-27,330,1,/wiki/Side_Pocket
574,Silent Assault,,,,1749,0,/wiki/Silent_Assault
575,Silent Service,,1989-12-01,1990-11-23,179,1,/wiki/Silent_Service_(video_game)
576,Silkworm,,1990-06-01,,0,1,/wiki/Silkworm_(video_game)
577,Silver Surfer,,1990-11-01,,1129,1,/wiki/Silver_Surfer_(video_game)
578,Skate or Die 2: The Search for Double Trouble,,1990-09-01,,0,1,/wiki/Skate_or_Die_2:_The_Search_for_Double_Trouble
579,Skate or Die!,,1988-12-01,1990-08-17,0,1,/wiki/Skate_or_Die!
580,Ski or Die,,1991-02-01,1991-10-24,500,1,/wiki/Ski_or_Die
581,Skull &amp; Crossbones,,,,579,0,/wiki/Skull_%26_Crossbones
582,Sky Kid,,1987-09-01,,498,1,/wiki/Sky_Kid
583,Sky Shark,,1989-09-01,,275,1,/wiki/Sky_Shark
584,Slalom,,1987-08-01,1987-10-15,399,1,/wiki/Slalom_(video_game)
585,Smash TV,,1991-09-01,,409,1,/wiki/Smash_TV
586,Snake Rattle 'n' Roll,,1990-07-01,,0,1,/wiki/Snake_Rattle_%27n%27_Roll
587,Snake's Revenge,,1990-04-01,1991-03-01,724,1,/wiki/Snake%27s_Revenge
588,Snoopy's Silly Sports Spectacular,,1990-04-01,,0,1,/wiki/Snoopy%27s_Silly_Sports_Spectacular
589,Snow Brothers,,1991-11-01,,13125,1,/wiki/Snow_Brothers
590,Soccer,,1987-03-01,1987-01-15,549,1,/wiki/Soccer_(1985_video_game)
591,Soduku,,,,0,0,/w/index.php?title=Suduku_(NES_homebrew)&amp;action=edit&amp;redlink=1
592,Solar Jetman: Hunt for the Golden Warpship,,1990-09-01,1991-09-26,0,1,/wiki/Solar_Jetman:_Hunt_for_the_Golden_Warpship
593,Solitaire,,,,1949,0,/wiki/American_Video_Entertainment#Solitaire
594,Solomon's Key,,1987-07-01,1990-03-30,500,1,/wiki/Solomon%27s_Key
595,Solstice: The Quest for the Staff of Demnos,,1990-06-01,1991-09-26,0,1,/wiki/Solstice:_The_Quest_for_the_Staff_of_Demnos
596,Somari,,,,0,0,/wiki/Somari
597,Space Shuttle Project,,1991-11-01,,0,1,/wiki/Space_Shuttle_Project
598,Spelunker,,1987-09-01,,504,1,/wiki/Spelunker_(video_game)
599,Spider-Man: Return of the Sinister Six,,1992-10-01,,0,1,/wiki/Spider-Man:_Return_of_the_Sinister_Six
600,Spiritual Warfare,,,,1022,0,/wiki/Spiritual_Warfare_(video_game)
601,Spot: The Video Game,,1990-09-01,,0,1,/wiki/Spot:_The_Video_Game
602,Spy Hunter,,1987-09-01,,286,1,/wiki/Spy_Hunter
603,Spy vs. Spy,,1988-10-01,1990-07-27,563,1,/wiki/Spy_vs._Spy_(1984_video_game)
604,Sqoon,,1987-09-01,,1979,1,/wiki/Sqoon
605,Stack-Up,,1985-10-01,,0,1,/wiki/Stack-Up
606,Stadium Events,,1987-09-01,1990-02-23,0,1,/wiki/Stadium_Events
607,Stanley: The Search for Dr. Livingston,,1992-10-01,,0,1,/wiki/Stanley:_The_Search_for_Dr._Livingston
608,Star Force,,1987-11-01,1990-04-27,500,1,/wiki/Star_Force
609,Star Soldier,,1989-01-01,,324,1,/wiki/Star_Soldier_(video_game)
610,Star Trek: 25th Anniversary,,1992-02-01,,786,1,/wiki/Star_Trek:_25th_Anniversary_(NES_video_game)
611,Star Trek: The Next Generation,,1993-09-01,,1550,1,/wiki/Star_Trek:_The_Next_Generation_(1993_video_game)
612,Star Voyager,,1987-09-01,,200,1,/wiki/Star_Voyager
613,Star Wars,,1991-11-01,1992-03-26,1482,1,/wiki/Star_Wars_(JVC_video_game)
614,Star Wars: The Empire Strikes Back,,1992-03-01,,1491,1,/wiki/Star_Wars:_The_Empire_Strikes_Back_(NES_game)
615,StarTropics,,1990-12-01,1992-08-20,0,1,/wiki/StarTropics
616,Starship Hector,,1990-06-01,,599,1,/wiki/Starship_Hector
617,Stealth ATF,,1989-10-01,,0,1,/wiki/Stealth_ATF
618,Stinger,,1987-09-01,,938,1,/wiki/Stinger_(video_game)
619,Streemerz,,,,0,0,/w/index.php?title=Streemerz_(NES_homebrew)&amp;action=edit&amp;redlink=1
620,Street Cop,,1989-06-01,,1206,1,/wiki/Street_Cop
621,Street Fighter 2010: The Final Fight,,1990-09-01,,498,1,/wiki/Street_Fighter_2010:_The_Final_Fight
622,Strider,,1989-07-01,,405,1,/wiki/Strider_(NES_video_game)
623,Stunt Kids,,,,2499,0,/wiki/Stunt_Kids
624,Sudoku 2007,,,,0,0,/w/index.php?title=Sudoku_2007&amp;action=edit&amp;redlink=1
625,Sunday Funday,,,,6380,0,/wiki/Sunday_Funday
626,Super C,,1990-04-01,,1446,1,/wiki/Super_Contra#Nintendo_Entertainment_System
627,Super Cars,,1991-02-01,,877,1,/wiki/Super_Cars
628,Super Dodge Ball,,1988-06-01,,1426,1,/wiki/Super_Dodge_Ball
629,Super Glove Ball,,1990-10-01,,300,1,/wiki/Super_Glove_Ball
630,Super Jeopardy!,Super Jeopardy,1991-09-01,,0,1,/wiki/Super_Jeopardy!
631,Super Mario Bros.,Super Mario Bros 1,1985-10-01,1987-05-15,683,1,/wiki/Super_Mario_Bros.
632,Super Mario Bros. 2,Super Mario Bros 2,1988-10-01,1989-04-28,1097,1,/wiki/Super_Mario_Bros._2
633,Super Mario Bros. 3,Super Mario Bros 3,1990-02-01,1991-08-29,968,1,/wiki/Super_Mario_Bros._3
634,Super Mario Bros./Duck Hunt,,1988-11-01,,375,1,/wiki/Super_Mario_Bros./Duck_Hunt
635,Super Mario Bros./Duck Hunt/World Class Track Meet,,1990-12-01,,415,1,/wiki/Super_Mario_Bros./Duck_Hunt/World_Class_Track_Meet
636,Super Mario Bros./Tetris/Nintendo World Cup,,,1988-11-01,0,1,/wiki/Super_Mario_Bros./Tetris/Nintendo_World_Cup
637,Super NeSnake 2,,,,0,0,/w/index.php?title=Super_NeSnake_2&amp;action=edit&amp;redlink=1
638,Super Pitfall,,1987-11-01,,500,1,/wiki/Super_Pitfall
639,Super Spike V'Ball,,1990-02-01,1992-01-23,0,1,/wiki/Super_Spike_V%27Ball
640,Super Spike V'Ball/Nintendo World Cup,,1990-12-01,,0,1,/wiki/Mario-Duck_Hunt_package
641,Super Sprint,,,,358,0,/wiki/Super_Sprint
642,Super Spy Hunter,,1992-02-01,,1049,1,/wiki/Super_Spy_Hunter
643,Super Team Games,,1988-11-01,,701,1,/wiki/Super_Team_Games
644,Super Turrican,,,1993-07-22,0,1,/wiki/Super_Turrican
645,Superman,,1988-12-01,,750,1,/wiki/Superman_(Kemco_game)
646,Swamp Thing,,1992-12-01,,2549,1,/wiki/Swamp_Thing_(video_game)
647,Sword Master,,1992-01-01,1993-01-21,4999,1,/wiki/Sword_Master_(video_game)
648,Swords and Serpents,,1990-08-01,1991-11-28,297,1,/wiki/Swords_and_Serpents
649,Taboo: The Sixth Sense,,1989-04-01,,323,1,/wiki/Taboo:_The_Sixth_Sense
650,Tag Team Wrestling,,1986-10-01,,236,1,/wiki/Tag_Team_Wrestling
651,Tagin' Dragon,,,,3999,0,/wiki/Colorful_Dragon
652,TaleSpin,,1991-12-01,1992-09-24,800,1,/wiki/TaleSpin_(video_game)
653,Target: Renegade,,1990-03-01,,299,1,/wiki/Target:_Renegade
654,Tecmo Baseball,,1989-01-01,,207,1,/wiki/Tecmo_Baseball
655,Tecmo Bowl,,1989-02-01,,605,1,/wiki/Tecmo_Bowl
656,Tecmo Cup Soccer Game,,1992-09-01,1992-09-24,0,1,/wiki/Tecmo_Cup_Soccer_Game
657,Tecmo NBA Basketball,,1992-11-01,,850,1,/wiki/Tecmo_NBA_Basketball
658,Tecmo Super Bowl,,1991-12-01,,1397,1,/wiki/Tecmo_Super_Bowl
659,Tecmo World Cup Soccer,,,1991-01-01,0,1,/wiki/Tecmo_World_Cup_Soccer
660,Tecmo World Wrestling,,1990-04-01,1990-11-23,412,1,/wiki/Tecmo_World_Wrestling
661,Teenage Mutant Ninja Turtles,,1989-06-01,1990-08-17,602,1,/wiki/Teenage_Mutant_Ninja_Turtles_(1989_video_game)
662,Teenage Mutant Ninja Turtles II: The Arcade Game,,1990-12-01,1991-11-14,981,1,/wiki/Teenage_Mutant_Ninja_Turtles_(arcade_game)
663,Teenage Mutant Ninja Turtles III: The Manhattan Project,,1992-02-01,,1950,1,/wiki/Teenage_Mutant_Ninja_Turtles_III:_The_Manhattan_Project
664,Teenage Mutant Ninja Turtles: Tournament Fighters,,1994-02-01,,9205,1,/wiki/Teenage_Mutant_Ninja_Turtles:_Tournament_Fighters
665,Tennis,,1985-10-01,1986-09-01,488,1,/wiki/Tennis_(video_game)
666,Terminator 2: Judgment Day,,1992-02-01,,0,1,/wiki/Terminator_2:_Judgment_Day_(Acclaim)
667,Terra Cresta,,1990-03-01,,1099,1,/wiki/Terra_Cresta
668,Tetris,,1989-11-01,1990-02-23,397,1,/wiki/Tetris
669,Tetris,,,,0,0,/wiki/Tetris:_The_Soviet_Mind_Game
670,Tetris 2,,1993-10-01,,457,1,/wiki/Tetris_2
671,The Addams Family,,1992-01-01,1992-12-30,639,1,/wiki/The_Addams_Family_(video_game)
672,The Addams Family: Pugsley's Scavenger Hunt,,1993-08-01,1992-01-01,2252,1,/wiki/The_Addams_Family:_Pugsley%27s_Scavenger_Hunt
673,The Adventures of Bayou Billy,,1989-06-01,1991-01-24,159,1,/wiki/The_Adventures_of_Bayou_Billy
674,The Adventures of Gilligan's Island,,1990-07-01,,0,1,/wiki/The_Adventures_of_Gilligan%27s_Island
675,The Adventures of Rad Gravity,,1990-12-01,1991-05-30,0,1,/wiki/The_Adventures_of_Rad_Gravity
676,The Adventures of Rocky and Bullwinkle and Friends,,1992-12-01,,795,1,/wiki/The_Adventures_of_Rocky_and_Bullwinkle_and_Friends_(video_game)
677,The Adventures of Tom Sawyer,,1989-08-01,,355,1,/wiki/The_Adventures_of_Tom_Sawyer_(video_game)
678,The Bard's Tale,,1991-11-01,,1249,1,/wiki/The_Bard%27s_Tale_(1985_video_game)
679,The Battle of Olympus,,1989-12-01,1991-09-26,625,1,/wiki/The_Battle_of_Olympus
680,The Black Bass,,1989-09-01,,400,1,/wiki/The_Black_Bass_(NES_video_game)
681,The Blue Marlin,,1992-07-01,,899,1,/wiki/The_Blue_Marlin
682,The Blues Brothers,,1992-09-01,,1443,1,/wiki/The_Blues_Brothers_(video_game)
683,The Bugs Bunny Birthday Blowout,,1990-09-01,,494,1,/wiki/The_Bugs_Bunny_Birthday_Blowout
684,The Bugs Bunny Crazy Castle,,1989-08-01,,684,1,/wiki/The_Bugs_Bunny_Crazy_Castle
685,The Fantastic Adventures of Dizzy,,,,849,0,/wiki/Fantastic_Dizzy
686,The Flintstones: Surprise at Dinosaur Peak,,1994-08-01,1994-02-24,0,1,/wiki/The_Flintstones:_Surprise_at_Dinosaur_Peak
687,The Flintstones: The Rescue of Dino &amp; Hoppy,,1991-12-01,1992-04-30,995,1,/wiki/The_Flintstones:_The_Rescue_of_Dino_%26_Hoppy
688,The Goonies II,,1987-11-01,1988-12-19,305,1,/wiki/The_Goonies_II
689,The Great Waldo Search,,1992-12-01,,1126,1,/wiki/The_Great_Waldo_Search_(video_game)
690,The Guardian Legend,,1989-04-01,1992-02-20,899,1,/wiki/The_Guardian_Legend
691,The Hunt for Red October,,1991-01-01,,299,1,/wiki/The_Hunt_for_Red_October_(console_game)
692,The Immortal,,1990-11-01,,649,1,/wiki/The_Immortal_(video_game)
693,The Incredible Crash Dummies,,1994-08-01,1993-10-21,750,1,/wiki/The_Incredible_Crash_Dummies
694,The Jetsons: Cogswell's Caper!,,1992-12-01,1993-08-26,0,1,/wiki/The_Jetsons:_Cogswell%27s_Caper!
695,The Jungle Book,,1994-08-01,1994-08-25,1167,1,/wiki/The_Jungle_Book_(video_game)
696,The Karate Kid,,1987-11-01,,345,1,/wiki/The_Karate_Kid_(video_game)
697,The Krion Conquest,,1991-01-01,,1542,1,/wiki/The_Krion_Conquest
698,The Last Ninja,,1991-02-01,,999,1,/wiki/The_Last_Ninja
699,The Last Starfighter,,1990-06-01,,556,1,/wiki/Uridium
700,The Legend of Kage,,1987-08-01,,385,1,/wiki/The_Legend_of_Kage
701,The Legend of Prince Valiant,,,1992-01-01,0,1,/wiki/The_Legend_of_Prince_Valiant#Video_games
702,The Legend of Zelda,Zelda 1,1987-08-22,1987-11-15,1819,1,/wiki/The_Legend_of_Zelda_(video_game)
703,The Lion King,,,1995-05-25,0,1,/wiki/The_Lion_King_(video_game)
704,The Little Mermaid,,1991-07-01,,500,1,/wiki/Ariel_the_Little_Mermaid
705,The Lone Ranger,,1991-08-01,,1297,1,/wiki/The_Lone_Ranger_(video_game)
706,The Mafat Conspiracy,,1990-06-01,,378,1,/wiki/The_Mafat_Conspiracy
707,The Magic of Scheherazade,,1989-12-01,,500,1,/wiki/The_Magic_of_Scheherazade
708,The Mutant Virus: Crisis in a Computer World,,1992-04-01,,0,1,/wiki/The_Mutant_Virus:_Crisis_in_a_Computer_World
709,The P'Radikus Conflict,,,,2999,0,/wiki/The_P%27Radikus_Conflict
710,The Punisher,,1990-11-01,,795,1,/wiki/The_Punisher_(1990_video_game)
711,The Ren &amp; Stimpy Show: Buckaroo$!,,1993-11-01,,0,1,/wiki/The_Ren_%26_Stimpy_Show:_Buckaroo$!
712,The Rocketeer,,1991-05-01,,414,1,/wiki/The_Rocketeer_(NES_video_game)
713,The Simpsons: Bart vs. the Space Mutants,,1991-02-01,1991-12-12,0,1,/wiki/The_Simpsons:_Bart_vs._the_Space_Mutants
714,The Simpsons: Bart vs. the World,,1991-12-01,1992-10-22,0,1,/wiki/The_Simpsons:_Bart_vs._the_World
715,The Simpsons: Bartman Meets Radioactive Man,,1992-12-01,,0,1,/wiki/The_Simpsons:_Bartman_Meets_Radioactive_Man
716,The Smurfs,,,1994-01-01,0,1,/wiki/List_of_The_Smurfs_video_games
717,The Terminator,,1992-12-01,,1250,1,/wiki/The_Terminator_(NES)
718,The Three Stooges,,1989-10-01,,524,1,/wiki/The_Three_Stooges_(video_game)
719,The Trolls in Crazyland,,,1991-01-01,10750,1,/wiki/Doki!_Doki!_Y%C5%ABenchi:_Crazy_Land_Daisakusen
720,The Ultimate Stuntman,,,,702,0,/wiki/The_Ultimate_Stuntman
721,The Uncanny X-Men,,1989-12-01,,719,1,/wiki/The_Uncanny_X-Men_(video_game)
722,The Untouchables,,1991-01-01,,799,1,/wiki/The_Untouchables_(video_game)
723,Thunder &amp; Lightning,,1990-12-01,,700,1,/wiki/Thunder_%26_Lightning_(video_game)
724,Thunderbirds,,1990-09-01,,473,1,/wiki/Thunderbirds_(game)
725,Thundercade,,1989-07-01,,300,1,/wiki/Thundercade
726,Tic-Tac 2,,,,0,0,/w/index.php?title=Tic-Tac_2&amp;action=edit&amp;redlink=1
727,Tiger Heli,,1987-09-01,1990-01-17,0,1,/wiki/Tiger_Heli
728,Tiles of Fate,,,,799,0,/wiki/Tiles_of_Fate
729,Time Lord,,1990-09-01,,202,1,/wiki/Time_Lord_(video_game)
730,Times of Lore,,1991-05-01,,1637,1,/wiki/Times_of_Lore
731,Tiny Toon Adventures,,1991-12-01,1992-10-22,699,1,/wiki/Tiny_Toon_Adventures_(video_game)
732,Tiny Toon Adventures 2: Trouble in Wackyland,,1993-04-01,1994-01-27,683,1,/wiki/Tiny_Toon_Adventures_2:_Trouble_in_Wackyland
733,Tiny Toon Adventures Cartoon Workshop,,1992-12-01,,628,1,/wiki/Tiny_Toon_Adventures_Cartoon_Workshop
734,To the Earth,,1989-11-01,1990-02-23,228,1,/wiki/To_the_Earth
735,Toki,,1991-12-01,,1551,1,/wiki/Toki_(video_game)
736,Tom and Jerry,,1991-12-01,1992-10-22,638,1,/wiki/Tom_and_Jerry_(video_game)
737,Tombs &amp; Treasure,,1991-06-01,,999,1,/wiki/Tombs_%26_Treasure
738,Toobin',,,,749,0,/wiki/Toobin%27
739,Top Gun,,1987-11-01,1988-11-30,199,1,/wiki/Top_Gun_(video_game)
740,Top Gun: The Second Mission,,1990-01-01,1991-10-24,155,1,/wiki/Top_Gun_(video_game)#The_Second_Mission
741,Top Players' Tennis,,1990-01-01,,0,1,/wiki/Top_Players%27_Tennis
742,Total Recall,,1990-08-01,,399,1,/wiki/Total_Recall_(video_game)
743,Totally Rad,,1991-03-01,,675,1,/wiki/Totally_Rad
744,Touch Down Fever,,1991-02-01,,0,1,/wiki/Touch_Down_Fever
745,Town &amp; Country II: Thrilla's Surfari,,1992-03-01,,0,1,/wiki/Town_%26_Country_II:_Thrilla%27s_Surfari
746,Town &amp; Country Surf Designs: Wood &amp; Water Rage,,1988-02-01,,0,1,/wiki/Town_%26_Country_Surf_Designs:_Wood_%26_Water_Rage
747,Toxic Crusaders,,1992-04-01,,1899,1,/wiki/Toxic_Crusaders_(video_game)
748,Track &amp; Field,,1987-04-01,,440,1,/wiki/Track_%26_Field_(video_game)
749,Track &amp; Field II,,1989-06-01,1989-11-22,199,1,/wiki/Track_%26_Field_II
750,Treasure Master,,1991-12-01,,498,1,/wiki/Treasure_Master
751,Trog!,,1991-10-01,,0,1,/wiki/Trog!
752,Trojan,,1987-02-01,1989-03-23,324,1,/wiki/Trojan_(video_game)
753,Trolls on Treasure Island,,,,1701,0,/wiki/Trolls_on_Treasure_Island
754,Twin Cobra,,1990-01-01,,438,1,/wiki/Twin_Cobra
755,Twin Eagle,,1989-10-01,,442,1,/wiki/Twin_Eagle
756,Ufouria: The Saga,,,1992-11-19,0,1,/wiki/Ufouria:_The_Saga
757,Ultima III: Exodus,,1989-02-01,,0,1,/wiki/Ultima_III:_Exodus
758,Ultima IV: Quest of the Avatar,,1990-12-01,,0,1,/wiki/Ultima_IV:_Quest_of_the_Avatar
759,Ultima V: Warriors of Destiny,,1993-01-01,,0,1,/wiki/Ultima_V:_Warriors_of_Destiny
760,Ultimate Air Combat,,1992-04-01,,950,1,/wiki/Ultimate_Air_Combat
761,Ultimate Basketball,,1990-09-01,,225,1,/wiki/Ultimate_Basketball
762,Ultimate Frogger Championship,,,,0,0,/w/index.php?title=Frogger_(game)&amp;action=edit&amp;redlink=1
763,Ultimate League Soccer,,,,1162,0,/wiki/Ultimate_League_Soccer
764,Uncharted Waters,,1991-11-01,,2499,1,/wiki/Uncharted_Waters
765,Uninvited,,1991-06-01,,2499,1,/wiki/Uninvited_(video_game)
766,Urban Champion,,1986-06-01,,550,1,/wiki/Urban_Champion
767,Vegas Dream,,1990-03-01,,287,1,/wiki/Vegas_Dream
768,Vegavox,,,,0,0,/w/index.php?title=Vegavox_(NES_homebrew)&amp;action=edit&amp;redlink=1
769,Vegavox II,,,,0,0,/w/index.php?title=Vegavox_II_(NES_homebrew)&amp;action=edit&amp;redlink=1
770,Venice Beach Volleyball,,,,715,0,/wiki/Venice_Beach_Volleyball
771,Vice: Project Doom,,1991-11-01,,999,1,/wiki/Vice:_Project_Doom
772,Videomation,,1991-06-01,,299,1,/wiki/Videomation
773,Vindicators,,,,295,0,/wiki/Vindicators
774,Volleyball,,1987-03-01,1987-11-15,577,1,/wiki/Volleyball_(video_game)
775,WCW Wrestling,,1990-04-01,,0,1,/wiki/WCW_Wrestling
776,WWF King of the Ring,,1993-11-01,,802,1,/wiki/WWF_King_of_the_Ring
777,WWF WrestleMania,,1989-01-01,,324,1,/wiki/WWF_WrestleMania_(video_game)
778,WWF WrestleMania Challenge,,1990-11-01,,336,1,/wiki/WWF_WrestleMania_Challenge
779,WWF WrestleMania: Steel Cage Challenge,,1992-09-01,,429,1,/wiki/WWF_WrestleMania:_Steel_Cage_Challenge
780,Wacky Races,,1992-05-01,,7211,1,/wiki/Wacky_Races_(video_game)
781,Wall Street Kid,,1990-06-01,,400,1,/wiki/Wall_Street_Kid
782,Wally Bear and the NO! Gang,,,,0,0,/wiki/Wally_Bear_and_the_NO!_Gang
783,Wario's Woods,,1994-12-10,,1325,1,/wiki/Wario%27s_Woods
784,Wayne Gretzky Hockey,,1991-01-01,,312,1,/wiki/Wayne_Gretzky_Hockey
785,Wayne's World,,1993-11-01,,7937,1,/wiki/Wayne%27s_World_(video_game)
786,Werewolf: The Last Warrior,,1990-11-01,1991-09-26,0,1,/wiki/Werewolf:_The_Last_Warrior
787,Wheel of Fortune,,1988-09-01,,225,1,/wiki/Wheel_of_Fortune_(video_game)
788,Wheel of Fortune Family Edition,,1990-03-01,,215,1,/wiki/Wheel_of_Fortune_(video_game)
789,Wheel of Fortune Junior Edition,,1989-10-01,,252,1,/wiki/Wheel_of_Fortune_(video_game)
790,Wheel of Fortune: Featuring Vanna White,,1992-01-01,,346,1,/wiki/Wheel_of_Fortune_(video_game)
791,Where in Time Is Carmen Sandiego?,,1991-10-01,,0,1,/wiki/Where_in_Time_Is_Carmen_Sandiego%3F_(1989)
792,Where's Waldo?,,1991-09-01,,0,1,/wiki/Where%27s_Waldo%3F_(video_game)
793,Who Framed Roger Rabbit?,,1989-09-01,,0,1,/wiki/Who_Framed_Roger_Rabbit_(1989_video_game)
794,Whomp 'Em,,1991-03-01,,1000,1,/wiki/Whomp_%27Em
795,Widget,,1992-11-01,,1750,1,/wiki/Widget_(video_game)
796,Wild Gunman,,1985-10-01,1988-02-15,997,1,/wiki/Wild_Gunman
797,Willow,,1989-12-01,1991-11-28,534,1,/wiki/Willow_(video_game)
798,"Win, Lose, or Draw",,1990-03-01,,0,1,"/wiki/Win,_Lose_or_Draw#Home_versions"
799,Winter Games,,1987-09-01,,338,1,/wiki/Winter_Games
800,Wizardry II: The Knight of Diamonds,,1992-04-01,,0,1,/wiki/Wizardry_II:_The_Knight_of_Diamonds
801,Wizardry: Proving Grounds of the Mad Overlord,,1990-07-01,,600,1,/wiki/Wizardry:_Proving_Grounds_of_the_Mad_Overlord
802,Wizards &amp; Warriors,,1987-12-01,1990-01-17,448,1,/wiki/Wizards_%26_Warriors
803,Wizards &amp; Warriors III: Kuros: Visions of Power,,1992-03-01,1993-01-21,1199,1,/wiki/Wizards_%26_Warriors_III:_Kuros:_Visions_of_Power
804,Wolverine,,1991-10-01,,795,1,/wiki/Wolverine_(video_game)
805,World Champ,,1991-04-01,,1550,1,/wiki/World_Champ
806,World Class Track Meet,,1988-08-01,,399,1,/wiki/World_Class_Track_Meet
807,World Games,,1989-03-01,,430,1,/wiki/World_Games_(video_game)
808,Wrath of the Black Manta,,1990-04-01,1991-01-24,199,1,/wiki/Wrath_of_the_Black_Manta
809,Wrecking Crew,,1985-10-01,1987-10-15,928,1,/wiki/Wrecking_Crew_(video_game)
810,Wurm: Journey to the Center of the Earth,,1991-11-01,,697,1,/wiki/Wurm:_Journey_to_the_Center_of_the_Earth
811,Xenophobe,,1988-12-01,,304,1,/wiki/Xenophobe_(video_game)
812,Xevious,,1988-09-01,1989-10-25,271,1,/wiki/Xevious
813,Xexyz,,1990-04-01,,595,1,/wiki/Xexyz
814,Yo! Noid,,1990-11-01,,0,1,/wiki/Yo!_Noid
815,Yoshi,,1992-06-01,1992-12-30,498,1,/wiki/Yoshi_(video_game)
816,Yoshi's Cookie,,1993-04-01,1994-04-28,400,1,/wiki/Yoshi%27s_Cookie
817,Young Indiana Jones Chronicles,,1992-12-01,,1899,1,/wiki/The_Young_Indiana_Jones_Chronicles
818,Zanac,,1987-10-01,,595,1,/wiki/Zanac
819,Zelda II: The Adventure of Link,Zelda 2,1988-12-01,1988-09-26,1174,1,/wiki/Zelda_II:_The_Adventure_of_Link
820,Zen the Intergalactic Ninja,,1993-03-01,,0,1,/wiki/Zen_the_Intergalactic_Ninja
821,Zoda's Revenge: StarTropics II,,1994-03-01,,0,1,/wiki/Zoda%27s_Revenge:_StarTropics_II
822,Zombie Nation,,1991-09-01,,15607,1,/wiki/Zombie_Nation_(video_game)
